email_id,subject,body,label
E0001,Your invoice update,the workshop agenda is ready to review. the details are included below.,ham
E0002,Action needed today,urgent reply requested for your reward. please reply when convenient. please verify the meeting time in the calendar.,spam
E0003,Exclusive savings,thank you for your time. confirm payment details to finish the order.,spam
E0004,Action needed today,get a free trial with the new plan. we will send an update soon.,spam
E0005,A quick reminder,thank you for your time. can we move the call to Friday afternoon.,ham
E0006,Account notice,your order receipt is attached for records. we will send an update soon.,ham
E0007,Project meeting,contact the team if you need help. the workshop agenda is ready to review. exclusive invitation with a limited offer.,ham
E0008,Monthly update,contact the team if you need help. the workshop agenda is ready to review.,ham
E0009,Project meeting,your order receipt is attached for records. thank you for your time.,ham
E0010,Monthly update,exclusive invitation with a limited offer. we will send an update soon. our team needs an urgent account update.,spam
E0011,Team report,please review the project notes before our meeting. please reply when convenient.,ham
E0012,Account notice,thank you for your time. special price ends this evening.,spam
E0013,Exclusive savings,our team needs an urgent account update. the details are included below. special price ends this evening.,spam
E0014,Your invoice update,let me know if you have questions. limited discount for selected members.,spam
E0015,Weekend plans,please check the draft and send feedback. contact the team if you need help.,ham
E0016,Monthly update,the details are included below. get a free trial with the new plan.,spam
E0017,Schedule for Friday,can we move the call to Friday afternoon. let me know if you have questions.,ham
E0018,Project follow up,urgent reply requested for your reward. we will send an update soon.,spam
E0019,Weekend plans,please review the project notes before our meeting. the details are included below.,ham
E0020,Monthly update,limited discount for selected members. thank you for your time.,spam
E0021,Exclusive savings,urgent reply requested for your reward. we will send an update soon. our team needs an urgent account update.,spam
E0022,Account notice,let me know if you have questions. thank you for sending the invoice.,ham
E0023,Weekend plans,your order receipt is attached for records. contact the team if you need help.,ham
E0024,Team report,thank you for your time. let us confirm the schedule tomorrow.,ham
E0025,Your invoice update,please reply when convenient. can we move the call to Friday afternoon.,ham
E0026,Limited offer today,get a free trial with the new plan. we will send an update soon.,spam
E0027,Team report,the details are included below. can we move the call to Friday afternoon. the newsletter has a free webinar and a discount code.,ham
E0028,Action needed today,exclusive invitation with a limited offer. thank you for your time.,spam
E0029,Account notice,please check the draft and send feedback. contact the team if you need help.,ham
E0030,Your invoice update,claim your bonus with this private link. the details are included below. the newsletter has a free webinar and a discount code.,spam
E0031,Exclusive savings,please reply when convenient. claim your bonus with this private link.,spam
E0032,Action needed today,please reply when convenient. confirm payment details to finish the order.,spam
E0033,Monthly update,special price ends this evening. please verify the meeting time in the calendar. we will send an update soon.,spam
E0034,Weekend plans,your order receipt is attached for records. contact the team if you need help.,ham
E0035,Account notice,contact the team if you need help. special price ends this evening. the newsletter has a free webinar and a discount code.,spam
E0036,Account notice,verify your account to keep access. please reply when convenient.,spam
E0037,Limited offer today,verify your account to keep access. contact the team if you need help.,spam
E0038,A quick reminder,the workshop agenda is ready to review. please verify the meeting time in the calendar. the details are included below.,ham
E0039,Your invoice update,limited discount for selected members. please reply when convenient.,spam
E0040,Monthly update,please review the project notes before our meeting. contact the team if you need help.,ham
E0041,Account notice,the details are included below. please check the draft and send feedback.,ham
E0042,A quick reminder,please check the draft and send feedback. the newsletter has a free webinar and a discount code. let me know if you have questions. get a free trial with the new plan.,spam
E0043,Schedule for Friday,please reply when convenient. please review the project notes before our meeting.,ham
E0044,Monthly update,please reply when convenient. the team shared the latest report.,ham
E0045,Account notice,contact the team if you need help. the team shared the latest report.,ham
E0046,A quick reminder,please reply when convenient. please check the draft and send feedback.,ham
E0047,Monthly update,thank you for your time. thank you for sending the invoice.,ham
E0048,Schedule for Friday,thank you for sending the invoice. thank you for your time. our team needs an urgent account update.,ham
E0049,Monthly update,our team needs an urgent account update. thank you for your time. please check the draft and send feedback.,ham
E0050,Your invoice update,your order receipt is attached for records. please reply when convenient.,ham
E0051,Project meeting,thank you for your time. the workshop agenda is ready to review.,ham
E0052,Team report,thank you for your time. our team needs an urgent account update. thank you for sending the invoice.,ham
E0053,Action needed today,confirm payment details to finish the order. let me know if you have questions. can we move the call to Friday afternoon.,spam
E0054,Team report,we will send an update soon. the team shared the latest report. the newsletter has a free webinar and a discount code.,ham
E0055,Schedule for Friday,please review the project notes before our meeting. we will send an update soon.,ham
E0056,Limited offer today,special price ends this evening. contact the team if you need help.,spam
E0057,Account notice,our team needs an urgent account update. verify your account to keep access. contact the team if you need help. please review the project notes before our meeting.,spam
E0058,Your invoice update,the details are included below. special price ends this evening.,spam
E0059,Monthly update,let me know if you have questions. please check the draft and send feedback. confirm payment details to finish the order.,ham
E0060,Schedule for Friday,can we move the call to Friday afternoon. please reply when convenient.,ham
E0061,Monthly update,contact the team if you need help. your order receipt is attached for records.,ham
E0062,Exclusive savings,contact the team if you need help. limited discount for selected members.,spam
E0063,Monthly update,contact the team if you need help. verify your account to keep access.,spam
E0064,Your invoice update,claim your bonus with this private link. the details are included below. please verify the meeting time in the calendar.,spam
E0065,Exclusive savings,contact the team if you need help. your order receipt is attached for records. limited discount for selected members.,spam
E0066,Monthly update,we will send an update soon. thank you for sending the invoice.,ham
E0067,A quick reminder,claim your bonus with this private link. let me know if you have questions.,spam
E0068,Account notice,thank you for sending the invoice. contact the team if you need help.,ham
E0069,Account notice,your colleague sent a link to the shared report. the team shared the latest report. please reply when convenient.,ham
E0070,Monthly update,get a free trial with the new plan. please reply when convenient.,spam
E0071,Account notice,please reply when convenient. limited discount for selected members.,spam
E0072,Monthly update,your order receipt is attached for records. the details are included below.,ham
E0073,A quick reminder,exclusive invitation with a limited offer. contact the team if you need help.,spam
E0074,Your invoice update,limited discount for selected members. thank you for your time.,spam
E0075,Monthly update,contact the team if you need help. thank you for sending the invoice.,ham
E0076,Project follow up,confirm payment details to finish the order. please reply when convenient.,spam
E0077,Weekend plans,your order receipt is attached for records. thank you for your time.,ham
E0078,Team report,special price ends this evening. please reply when convenient. please check the draft and send feedback. your colleague sent a link to the shared report.,ham
E0079,Your invoice update,please check the draft and send feedback. the details are included below.,ham
E0080,Project meeting,the workshop agenda is ready to review. thank you for your time.,ham
E0081,Team report,the workshop agenda is ready to review. confirm payment details to finish the order. the details are included below.,ham
E0082,Project follow up,we will send an update soon. confirm payment details to finish the order.,spam
E0083,Account notice,please verify the meeting time in the calendar. please reply when convenient. thank you for sending the invoice.,ham
E0084,Weekend plans,let me know if you have questions. the workshop agenda is ready to review.,ham
E0085,Weekend plans,let me know if you have questions. let us confirm the schedule tomorrow.,ham
E0086,Monthly update,limited discount for selected members. thank you for sending the invoice. we will send an update soon.,ham
E0087,Schedule for Friday,let me know if you have questions. let us confirm the schedule tomorrow.,ham
E0088,Schedule for Friday,the newsletter has a free webinar and a discount code. thank you for your time. the workshop agenda is ready to review.,ham
E0089,Monthly update,thank you for your time. limited discount for selected members.,spam
E0090,Account notice,contact the team if you need help. please review the project notes before our meeting.,ham
E0091,Monthly update,let me know if you have questions. exclusive invitation with a limited offer.,spam
E0092,Limited offer today,thank you for sending the invoice. confirm payment details to finish the order. please reply when convenient.,spam
E0093,Team report,can we move the call to Friday afternoon. let me know if you have questions.,ham
E0094,A quick reminder,let me know if you have questions. confirm payment details to finish the order.,spam
E0095,Action needed today,limited discount for selected members. thank you for your time.,spam
E0096,A quick reminder,thank you for sending the invoice. contact the team if you need help.,ham
E0097,A quick reminder,claim your bonus with this private link. thank you for your time.,spam
E0098,Action needed today,get a free trial with the new plan. please reply when convenient.,spam
E0099,Your invoice update,thank you for your time. urgent reply requested for your reward.,spam
E0100,Project follow up,claim your bonus with this private link. please reply when convenient.,spam
E0101,Account notice,urgent reply requested for your reward. the details are included below.,spam
E0102,Account notice,the workshop agenda is ready to review. the details are included below.,ham
E0103,Monthly update,the workshop agenda is ready to review. let me know if you have questions.,ham
E0104,A quick reminder,let me know if you have questions. please check the draft and send feedback.,ham
E0105,A quick reminder,please review the project notes before our meeting. let me know if you have questions.,ham
E0106,A quick reminder,verify your account to keep access. let me know if you have questions. the newsletter has a free webinar and a discount code. your order receipt is attached for records.,ham
E0107,Schedule for Friday,contact the team if you need help. the team shared the latest report.,ham
E0108,A quick reminder,let me know if you have questions. can we move the call to Friday afternoon.,ham
E0109,Account notice,thank you for your time. the team shared the latest report.,ham
E0110,Your invoice update,please check the draft and send feedback. thank you for your time.,ham
E0111,Monthly update,thank you for your time. the workshop agenda is ready to review.,ham
E0112,Limited offer today,we will send an update soon. confirm payment details to finish the order. our team needs an urgent account update.,spam
E0113,Account notice,thank you for your time. please check the draft and send feedback.,ham
E0114,Limited offer today,get a free trial with the new plan. let me know if you have questions.,spam
E0115,Schedule for Friday,can we move the call to Friday afternoon. please reply when convenient.,ham
E0116,Project meeting,please reply when convenient. confirm payment details to finish the order. the team shared the latest report.,ham
E0117,Team report,the team shared the latest report. we will send an update soon.,ham
E0118,Account notice,thank you for your time. your order receipt is attached for records.,ham
E0119,Project follow up,thank you for your time. exclusive invitation with a limited offer.,spam
E0120,Your invoice update,can we move the call to Friday afternoon. please reply when convenient.,ham
E0121,A quick reminder,our team needs an urgent account update. please check the draft and send feedback. we will send an update soon.,ham
E0122,Your invoice update,your colleague sent a link to the shared report. thank you for your time. your order receipt is attached for records.,ham
E0123,Schedule for Friday,we will send an update soon. please review the project notes before our meeting. please verify the meeting time in the calendar.,ham
E0124,Project follow up,get a free trial with the new plan. let me know if you have questions.,spam
E0125,Account notice,we will send an update soon. exclusive invitation with a limited offer.,spam
E0126,Account notice,the details are included below. get a free trial with the new plan. our team needs an urgent account update.,spam
E0127,Limited offer today,urgent reply requested for your reward. please reply when convenient. your colleague sent a link to the shared report. please check the draft and send feedback.,spam
E0128,Weekend plans,please review the project notes before our meeting. we will send an update soon.,ham
E0129,Schedule for Friday,let us confirm the schedule tomorrow. let me know if you have questions.,ham
E0130,Weekend plans,your order receipt is attached for records. thank you for your time.,ham
E0131,Account notice,the details are included below. claim your bonus with this private link.,spam
E0132,Monthly update,the workshop agenda is ready to review. contact the team if you need help. verify your account to keep access.,spam
E0133,Account notice,the details are included below. special price ends this evening.,spam
E0134,Schedule for Friday,please verify the meeting time in the calendar. please review the project notes before our meeting. let me know if you have questions.,ham
E0135,Weekend plans,your order receipt is attached for records. please reply when convenient.,ham
E0136,Monthly update,please verify the meeting time in the calendar. please reply when convenient. let us confirm the schedule tomorrow.,ham
E0137,A quick reminder,urgent reply requested for your reward. contact the team if you need help.,spam
E0138,Account notice,contact the team if you need help. can we move the call to Friday afternoon. special price ends this evening.,spam
E0139,A quick reminder,let us confirm the schedule tomorrow. the details are included below. get a free trial with the new plan.,ham
E0140,Account notice,claim your bonus with this private link. we will send an update soon.,spam
E0141,Account notice,confirm payment details to finish the order. thank you for your time.,spam
E0142,Account notice,contact the team if you need help. limited discount for selected members. please review the project notes before our meeting.,spam
E0143,Project follow up,urgent reply requested for your reward. thank you for your time.,spam
E0144,A quick reminder,please review the project notes before our meeting. contact the team if you need help.,ham
E0145,Schedule for Friday,the details are included below. your order receipt is attached for records.,ham
E0146,Your invoice update,we will send an update soon. your order receipt is attached for records.,ham
E0147,Team report,thank you for your time. let us confirm the schedule tomorrow.,ham
E0148,Account notice,let me know if you have questions. please review the project notes before our meeting. urgent reply requested for your reward.,ham
E0149,Project meeting,the newsletter has a free webinar and a discount code. the details are included below. please review the project notes before our meeting.,ham
E0150,Limited offer today,our team needs an urgent account update. thank you for your time. special price ends this evening.,spam
E0151,Schedule for Friday,please reply when convenient. please review the project notes before our meeting. please verify the meeting time in the calendar.,ham
E0152,Monthly update,let me know if you have questions. let us confirm the schedule tomorrow.,ham
E0153,Team report,let me know if you have questions. the newsletter has a free webinar and a discount code. the team shared the latest report.,ham
E0154,Limited offer today,please review the project notes before our meeting. get a free trial with the new plan. let me know if you have questions.,spam
E0155,Monthly update,thank you for sending the invoice. the details are included below.,ham
E0156,Account notice,we will send an update soon. our team needs an urgent account update. urgent reply requested for your reward.,spam
E0157,Monthly update,please check the draft and send feedback. let me know if you have questions. verify your account to keep access.,ham
E0158,Monthly update,we will send an update soon. claim your bonus with this private link.,spam
E0159,Your invoice update,special price ends this evening. thank you for your time. thank you for sending the invoice.,ham
E0160,Project meeting,confirm payment details to finish the order. the details are included below. can we move the call to Friday afternoon.,ham
E0161,Account notice,thank you for your time. can we move the call to Friday afternoon.,ham
E0162,A quick reminder,exclusive invitation with a limited offer. let me know if you have questions.,spam
E0163,Exclusive savings,let us confirm the schedule tomorrow. thank you for your time. get a free trial with the new plan.,spam
E0164,Account notice,the details are included below. let us confirm the schedule tomorrow.,ham
E0165,Team report,please reply when convenient. please check the draft and send feedback.,ham
E0166,A quick reminder,the details are included below. limited discount for selected members.,spam
E0167,Monthly update,your order receipt is attached for records. please reply when convenient.,ham
E0168,Action needed today,thank you for your time. verify your account to keep access.,spam
E0169,Project meeting,contact the team if you need help. can we move the call to Friday afternoon.,ham
E0170,Limited offer today,get a free trial with the new plan. please reply when convenient.,spam
E0171,Project meeting,let me know if you have questions. the workshop agenda is ready to review.,ham
E0172,Monthly update,we will send an update soon. claim your bonus with this private link. the newsletter has a free webinar and a discount code.,spam
E0173,Account notice,please reply when convenient. thank you for sending the invoice.,ham
E0174,Monthly update,the workshop agenda is ready to review. contact the team if you need help.,ham
E0175,Your invoice update,the details are included below. please check the draft and send feedback.,ham
E0176,Account notice,let us confirm the schedule tomorrow. the newsletter has a free webinar and a discount code. contact the team if you need help.,ham
E0177,Limited offer today,exclusive invitation with a limited offer. our team needs an urgent account update. let me know if you have questions.,spam
E0178,Team report,thank you for sending the invoice. we will send an update soon.,ham
E0179,Team report,your colleague sent a link to the shared report. let me know if you have questions. the workshop agenda is ready to review. claim your bonus with this private link.,ham
E0180,Account notice,let me know if you have questions. get a free trial with the new plan. please check the draft and send feedback.,ham
E0181,Exclusive savings,limited discount for selected members. the details are included below.,spam
E0182,Project meeting,we will send an update soon. limited discount for selected members. the team shared the latest report.,ham
E0183,Project meeting,can we move the call to Friday afternoon. please reply when convenient.,ham
E0184,Your invoice update,we will send an update soon. claim your bonus with this private link. your order receipt is attached for records.,spam
E0185,A quick reminder,thank you for your time. the team shared the latest report.,ham
E0186,Your invoice update,thank you for your time. thank you for sending the invoice.,ham
E0187,Team report,our team needs an urgent account update. contact the team if you need help. can we move the call to Friday afternoon.,ham
E0188,Weekend plans,please check the draft and send feedback. thank you for your time.,ham
E0189,Limited offer today,urgent reply requested for your reward. we will send an update soon.,spam
E0190,Team report,your order receipt is attached for records. our team needs an urgent account update. contact the team if you need help.,ham
E0191,Account notice,verify your account to keep access. thank you for your time.,spam
E0192,A quick reminder,contact the team if you need help. your order receipt is attached for records.,ham
E0193,A quick reminder,let me know if you have questions. exclusive invitation with a limited offer.,spam
E0194,Team report,the workshop agenda is ready to review. let me know if you have questions.,ham
E0195,Project meeting,let me know if you have questions. let us confirm the schedule tomorrow.,ham
E0196,Weekend plans,thank you for your time. thank you for sending the invoice.,ham
E0197,Monthly update,please check the draft and send feedback. please verify the meeting time in the calendar. the details are included below.,ham
E0198,A quick reminder,please reply when convenient. please review the project notes before our meeting. confirm payment details to finish the order.,ham
E0199,Your invoice update,let us confirm the schedule tomorrow. the details are included below.,ham
E0200,Team report,thank you for your time. let us confirm the schedule tomorrow.,ham
E0201,Monthly update,thank you for your time. our team needs an urgent account update. your order receipt is attached for records. special price ends this evening.,ham
E0202,Limited offer today,exclusive invitation with a limited offer. the details are included below.,spam
E0203,Account notice,let me know if you have questions. please verify the meeting time in the calendar. limited discount for selected members.,spam
E0204,Your invoice update,please reply when convenient. verify your account to keep access.,spam
E0205,Account notice,your colleague sent a link to the shared report. let us confirm the schedule tomorrow. thank you for your time.,ham
E0206,Project meeting,let us confirm the schedule tomorrow. contact the team if you need help.,ham
E0207,Weekend plans,the team shared the latest report. the details are included below.,ham
E0208,A quick reminder,thank you for sending the invoice. exclusive invitation with a limited offer. please reply when convenient.,ham
E0209,Your invoice update,your colleague sent a link to the shared report. we will send an update soon. limited discount for selected members.,spam
E0210,A quick reminder,exclusive invitation with a limited offer. contact the team if you need help.,spam
E0211,Schedule for Friday,contact the team if you need help. can we move the call to Friday afternoon.,ham
E0212,Weekend plans,thank you for sending the invoice. please reply when convenient. please verify the meeting time in the calendar.,ham
E0213,Your invoice update,the details are included below. verify your account to keep access.,spam
E0214,Account notice,thank you for your time. can we move the call to Friday afternoon.,ham
E0215,Team report,contact the team if you need help. your colleague sent a link to the shared report. please review the project notes before our meeting.,ham
E0216,Monthly update,get a free trial with the new plan. please reply when convenient.,spam
E0217,Weekend plans,please check the draft and send feedback. let me know if you have questions.,ham
E0218,Team report,can we move the call to Friday afternoon. the details are included below. confirm payment details to finish the order.,ham
E0219,Exclusive savings,claim your bonus with this private link. your colleague sent a link to the shared report. let me know if you have questions.,spam
E0220,Project meeting,let us confirm the schedule tomorrow. we will send an update soon.,ham
E0221,Limited offer today,claim your bonus with this private link. the details are included below.,spam
E0222,Account notice,special price ends this evening. the newsletter has a free webinar and a discount code. thank you for your time. your order receipt is attached for records.,ham
E0223,Limited offer today,contact the team if you need help. get a free trial with the new plan. our team needs an urgent account update.,spam
E0224,Exclusive savings,please review the project notes before our meeting. let me know if you have questions. confirm payment details to finish the order.,spam
E0225,A quick reminder,your order receipt is attached for records. we will send an update soon.,ham
E0226,Monthly update,contact the team if you need help. urgent reply requested for your reward.,spam
E0227,Account notice,contact the team if you need help. claim your bonus with this private link. your colleague sent a link to the shared report.,spam
E0228,Your invoice update,thank you for your time. limited discount for selected members.,spam
E0229,A quick reminder,please reply when convenient. the workshop agenda is ready to review.,ham
E0230,Project follow up,exclusive invitation with a limited offer. contact the team if you need help.,spam
E0231,Team report,the team shared the latest report. the details are included below.,ham
E0232,Your invoice update,the details are included below. your order receipt is attached for records.,ham
E0233,Exclusive savings,get a free trial with the new plan. thank you for your time.,spam
E0234,Exclusive savings,urgent reply requested for your reward. the details are included below.,spam
E0235,Your invoice update,get a free trial with the new plan. we will send an update soon.,spam
E0236,Weekend plans,let me know if you have questions. your order receipt is attached for records.,ham
E0237,Team report,please check the draft and send feedback. we will send an update soon. your colleague sent a link to the shared report.,ham
E0238,Account notice,the newsletter has a free webinar and a discount code. contact the team if you need help. get a free trial with the new plan.,spam
E0239,Weekend plans,please review the project notes before our meeting. the details are included below.,ham
E0240,Weekend plans,let us confirm the schedule tomorrow. contact the team if you need help.,ham
E0241,A quick reminder,limited discount for selected members. thank you for your time. thank you for sending the invoice.,spam
E0242,Project meeting,thank you for your time. let us confirm the schedule tomorrow.,ham
E0243,Account notice,your order receipt is attached for records. please reply when convenient.,ham
E0244,A quick reminder,confirm payment details to finish the order. let me know if you have questions.,spam
E0245,Action needed today,exclusive invitation with a limited offer. thank you for your time. please verify the meeting time in the calendar.,spam
E0246,Monthly update,we will send an update soon. our team needs an urgent account update. let us confirm the schedule tomorrow.,ham
E0247,A quick reminder,please reply when convenient. the workshop agenda is ready to review.,ham
E0248,Your invoice update,urgent reply requested for your reward. contact the team if you need help.,spam
E0249,Account notice,please check the draft and send feedback. the details are included below.,ham
E0250,Monthly update,the team shared the latest report. the details are included below.,ham
E0251,Exclusive savings,exclusive invitation with a limited offer. the workshop agenda is ready to review. we will send an update soon.,spam
E0252,Weekend plans,the details are included below. please verify the meeting time in the calendar. let us confirm the schedule tomorrow.,ham
E0253,Monthly update,can we move the call to Friday afternoon. we will send an update soon.,ham
E0254,Account notice,the details are included below. please check the draft and send feedback.,ham
E0255,Monthly update,let me know if you have questions. your order receipt is attached for records.,ham
E0256,Account notice,please reply when convenient. please check the draft and send feedback.,ham
E0257,Team report,please check the draft and send feedback. the newsletter has a free webinar and a discount code. we will send an update soon.,ham
E0258,Exclusive savings,the team shared the latest report. get a free trial with the new plan. we will send an update soon.,spam
E0259,Weekend plans,thank you for sending the invoice. please reply when convenient.,ham
E0260,Team report,contact the team if you need help. the team shared the latest report.,ham
E0261,Account notice,urgent reply requested for your reward. please verify the meeting time in the calendar. thank you for your time.,spam
E0262,A quick reminder,let me know if you have questions. please check the draft and send feedback.,ham
E0263,Project follow up,please reply when convenient. limited discount for selected members.,spam
E0264,Schedule for Friday,please check the draft and send feedback. let me know if you have questions.,ham
E0265,A quick reminder,let us confirm the schedule tomorrow. claim your bonus with this private link. we will send an update soon.,spam
E0266,Your invoice update,please reply when convenient. your order receipt is attached for records.,ham
E0267,Weekend plans,our team needs an urgent account update. thank you for your time. the workshop agenda is ready to review.,ham
E0268,Team report,we will send an update soon. please check the draft and send feedback.,ham
E0269,Team report,the details are included below. let us confirm the schedule tomorrow. verify your account to keep access. please verify the meeting time in the calendar.,ham
E0270,Project meeting,your colleague sent a link to the shared report. contact the team if you need help. your order receipt is attached for records.,ham
E0271,Your invoice update,thank you for your time. let us confirm the schedule tomorrow.,ham
E0272,Exclusive savings,the workshop agenda is ready to review. please reply when convenient. claim your bonus with this private link.,spam
E0273,Exclusive savings,the details are included below. your colleague sent a link to the shared report. thank you for sending the invoice. get a free trial with the new plan.,spam
E0274,Schedule for Friday,the team shared the latest report. we will send an update soon.,ham
E0275,Exclusive savings,exclusive invitation with a limited offer. please reply when convenient.,spam
E0276,Project follow up,please reply when convenient. your colleague sent a link to the shared report. claim your bonus with this private link.,spam
E0277,Weekend plans,thank you for sending the invoice. thank you for your time.,ham
E0278,Limited offer today,confirm payment details to finish the order. please check the draft and send feedback. let me know if you have questions.,spam
E0279,Weekend plans,the workshop agenda is ready to review. we will send an update soon.,ham
E0280,A quick reminder,please check the draft and send feedback. we will send an update soon.,ham
E0281,Team report,contact the team if you need help. thank you for sending the invoice.,ham
E0282,Monthly update,contact the team if you need help. please verify the meeting time in the calendar. claim your bonus with this private link. thank you for sending the invoice.,spam
E0283,Weekend plans,please check the draft and send feedback. please verify the meeting time in the calendar. we will send an update soon.,ham
E0284,Action needed today,claim your bonus with this private link. we will send an update soon. thank you for sending the invoice.,spam
E0285,Monthly update,please reply when convenient. the team shared the latest report.,ham
E0286,Team report,please check the draft and send feedback. we will send an update soon.,ham
E0287,Weekend plans,the newsletter has a free webinar and a discount code. thank you for your time. please review the project notes before our meeting.,ham
E0288,Schedule for Friday,thank you for sending the invoice. please reply when convenient.,ham
E0289,Your invoice update,we will send an update soon. exclusive invitation with a limited offer.,spam
E0290,A quick reminder,the newsletter has a free webinar and a discount code. special price ends this evening. let me know if you have questions.,spam
E0291,A quick reminder,can we move the call to Friday afternoon. please reply when convenient.,ham
E0292,Your invoice update,the team shared the latest report. the details are included below.,ham
E0293,Schedule for Friday,the workshop agenda is ready to review. contact the team if you need help.,ham
E0294,Project meeting,the workshop agenda is ready to review. thank you for your time.,ham
E0295,Project follow up,special price ends this evening. please reply when convenient.,spam
E0296,Schedule for Friday,the newsletter has a free webinar and a discount code. please review the project notes before our meeting. thank you for your time.,ham
E0297,Monthly update,please review the project notes before our meeting. let me know if you have questions.,ham
E0298,Monthly update,we will send an update soon. your order receipt is attached for records.,ham
E0299,Schedule for Friday,thank you for your time. let us confirm the schedule tomorrow.,ham
E0300,Monthly update,contact the team if you need help. your order receipt is attached for records. exclusive invitation with a limited offer.,spam
E0301,Action needed today,urgent reply requested for your reward. contact the team if you need help.,spam
E0302,Limited offer today,verify your account to keep access. the details are included below.,spam
E0303,Team report,your order receipt is attached for records. get a free trial with the new plan. contact the team if you need help.,ham
E0304,Weekend plans,your colleague sent a link to the shared report. contact the team if you need help. thank you for sending the invoice.,ham
E0305,Monthly update,thank you for sending the invoice. let me know if you have questions.,ham
E0306,Monthly update,thank you for your time. special price ends this evening. the team shared the latest report.,ham
E0307,Monthly update,let me know if you have questions. verify your account to keep access. your order receipt is attached for records.,spam
E0308,Team report,please reply when convenient. thank you for sending the invoice. get a free trial with the new plan. please verify the meeting time in the calendar.,ham
E0309,Account notice,please reply when convenient. please check the draft and send feedback.,ham
E0310,Your invoice update,please check the draft and send feedback. contact the team if you need help. your colleague sent a link to the shared report.,ham
E0311,Team report,the team shared the latest report. the details are included below.,ham
E0312,Limited offer today,our team needs an urgent account update. let me know if you have questions. claim your bonus with this private link.,spam
E0313,Monthly update,special price ends this evening. the details are included below.,spam
E0314,Schedule for Friday,the details are included below. the team shared the latest report.,ham
E0315,Account notice,let us confirm the schedule tomorrow. we will send an update soon.,ham
E0316,Project meeting,thank you for sending the invoice. contact the team if you need help.,ham
E0317,A quick reminder,please reply when convenient. confirm payment details to finish the order. your colleague sent a link to the shared report.,spam
E0318,Limited offer today,the details are included below. get a free trial with the new plan. your colleague sent a link to the shared report.,spam
E0319,Monthly update,verify your account to keep access. the details are included below.,spam
E0320,Limited offer today,get a free trial with the new plan. please reply when convenient.,spam
E0321,A quick reminder,confirm payment details to finish the order. please reply when convenient. please review the project notes before our meeting.,ham
E0322,Monthly update,thank you for sending the invoice. thank you for your time.,ham
E0323,Account notice,please review the project notes before our meeting. we will send an update soon.,ham
E0324,Monthly update,the team shared the latest report. contact the team if you need help.,ham
E0325,Schedule for Friday,the details are included below. the team shared the latest report. our team needs an urgent account update.,ham
E0326,A quick reminder,let me know if you have questions. can we move the call to Friday afternoon.,ham
E0327,Schedule for Friday,we will send an update soon. please check the draft and send feedback.,ham
E0328,A quick reminder,urgent reply requested for your reward. please reply when convenient. your colleague sent a link to the shared report.,spam
E0329,Weekend plans,the workshop agenda is ready to review. let me know if you have questions.,ham
E0330,Limited offer today,get a free trial with the new plan. please reply when convenient.,spam
E0331,Your invoice update,the team shared the latest report. the details are included below.,ham
E0332,Monthly update,contact the team if you need help. the team shared the latest report.,ham
E0333,Project meeting,our team needs an urgent account update. thank you for your time. your order receipt is attached for records.,ham
E0334,Monthly update,the newsletter has a free webinar and a discount code. we will send an update soon. exclusive invitation with a limited offer.,spam
E0335,Monthly update,the details are included below. urgent reply requested for your reward.,spam
E0336,Limited offer today,let me know if you have questions. thank you for sending the invoice. limited discount for selected members.,spam
E0337,Weekend plans,please review the project notes before our meeting. the details are included below.,ham
E0338,Schedule for Friday,the team shared the latest report. please reply when convenient.,ham
E0339,Your invoice update,exclusive invitation with a limited offer. contact the team if you need help.,spam
E0340,Exclusive savings,please reply when convenient. special price ends this evening. the team shared the latest report.,spam
E0341,A quick reminder,please reply when convenient. please verify the meeting time in the calendar. your order receipt is attached for records.,ham
E0342,Account notice,can we move the call to Friday afternoon. the newsletter has a free webinar and a discount code. let me know if you have questions.,ham
E0343,Account notice,let me know if you have questions. can we move the call to Friday afternoon.,ham
E0344,Your invoice update,please review the project notes before our meeting. we will send an update soon. verify your account to keep access.,spam
E0345,Monthly update,confirm payment details to finish the order. the workshop agenda is ready to review. the details are included below.,ham
E0346,A quick reminder,please reply when convenient. limited discount for selected members.,spam
E0347,A quick reminder,contact the team if you need help. let us confirm the schedule tomorrow.,ham
E0348,Weekend plans,we will send an update soon. can we move the call to Friday afternoon.,ham
E0349,Your invoice update,let me know if you have questions. exclusive invitation with a limited offer.,spam
E0350,Weekend plans,claim your bonus with this private link. thank you for your time. can we move the call to Friday afternoon.,ham
E0351,Your invoice update,we will send an update soon. the newsletter has a free webinar and a discount code. get a free trial with the new plan.,spam
E0352,Weekend plans,the details are included below. the workshop agenda is ready to review.,ham
E0353,Weekend plans,the workshop agenda is ready to review. the details are included below.,ham
E0354,Account notice,please reply when convenient. your colleague sent a link to the shared report. urgent reply requested for your reward.,spam
E0355,Account notice,limited discount for selected members. the details are included below.,spam
E0356,A quick reminder,please review the project notes before our meeting. let me know if you have questions.,ham
E0357,Your invoice update,the details are included below. the team shared the latest report. verify your account to keep access.,ham
E0358,Account notice,confirm payment details to finish the order. thank you for your time.,spam
E0359,Account notice,the details are included below. our team needs an urgent account update. the workshop agenda is ready to review.,ham
E0360,A quick reminder,contact the team if you need help. thank you for sending the invoice.,ham
E0361,Account notice,your colleague sent a link to the shared report. claim your bonus with this private link. the details are included below.,spam
E0362,Project meeting,let me know if you have questions. your order receipt is attached for records.,ham
E0363,Project meeting,contact the team if you need help. the workshop agenda is ready to review.,ham
E0364,Account notice,thank you for your time. limited discount for selected members.,spam
E0365,Limited offer today,contact the team if you need help. special price ends this evening.,spam
E0366,Project meeting,please verify the meeting time in the calendar. we will send an update soon. thank you for sending the invoice.,ham
E0367,Your invoice update,your order receipt is attached for records. thank you for your time.,ham
E0368,Weekend plans,the details are included below. thank you for sending the invoice.,ham
E0369,Project meeting,let me know if you have questions. please verify the meeting time in the calendar. the team shared the latest report.,ham
E0370,Schedule for Friday,contact the team if you need help. please review the project notes before our meeting.,ham
E0371,Exclusive savings,the details are included below. special price ends this evening.,spam
E0372,Project meeting,please verify the meeting time in the calendar. exclusive invitation with a limited offer. the team shared the latest report. the details are included below.,ham
E0373,Team report,thank you for your time. urgent reply requested for your reward. your order receipt is attached for records.,ham
E0374,Account notice,thank you for sending the invoice. the newsletter has a free webinar and a discount code. let me know if you have questions. verify your account to keep access.,ham
E0375,Project meeting,thank you for your time. the team shared the latest report.,ham
E0376,Monthly update,the details are included below. please review the project notes before our meeting.,ham
E0377,Project follow up,verify your account to keep access. we will send an update soon.,spam
E0378,Team report,let us confirm the schedule tomorrow. contact the team if you need help.,ham
E0379,Account notice,thank you for your time. please check the draft and send feedback.,ham
E0380,Account notice,the details are included below. please review the project notes before our meeting.,ham
E0381,Team report,we will send an update soon. please check the draft and send feedback.,ham
E0382,Project meeting,please review the project notes before our meeting. thank you for your time.,ham
E0383,Team report,your order receipt is attached for records. our team needs an urgent account update. thank you for your time.,ham
E0384,Limited offer today,exclusive invitation with a limited offer. the details are included below.,spam
E0385,A quick reminder,please review the project notes before our meeting. our team needs an urgent account update. we will send an update soon.,ham
E0386,A quick reminder,your colleague sent a link to the shared report. let me know if you have questions. the team shared the latest report.,ham
E0387,Team report,the team shared the latest report. the newsletter has a free webinar and a discount code. please reply when convenient.,ham
E0388,Project meeting,thank you for sending the invoice. the details are included below.,ham
E0389,A quick reminder,confirm payment details to finish the order. please reply when convenient.,spam
E0390,Monthly update,verify your account to keep access. your colleague sent a link to the shared report. let me know if you have questions. the team shared the latest report.,spam
E0391,Team report,we will send an update soon. please review the project notes before our meeting.,ham
E0392,Monthly update,claim your bonus with this private link. please reply when convenient.,spam
E0393,Team report,thank you for your time. thank you for sending the invoice.,ham
E0394,Monthly update,thank you for your time. confirm payment details to finish the order.,spam
E0395,A quick reminder,can we move the call to Friday afternoon. the details are included below.,ham
E0396,Project meeting,we will send an update soon. thank you for sending the invoice.,ham
E0397,Your invoice update,thank you for sending the invoice. the details are included below.,ham
E0398,Account notice,special price ends this evening. let me know if you have questions.,spam
E0399,Account notice,please review the project notes before our meeting. the newsletter has a free webinar and a discount code. we will send an update soon.,ham
E0400,Exclusive savings,our team needs an urgent account update. urgent reply requested for your reward. contact the team if you need help.,spam
E0401,Team report,contact the team if you need help. please verify the meeting time in the calendar. thank you for sending the invoice.,ham
E0402,Limited offer today,let me know if you have questions. urgent reply requested for your reward.,spam
E0403,Your invoice update,the details are included below. exclusive invitation with a limited offer.,spam
E0404,Account notice,please reply when convenient. your colleague sent a link to the shared report. confirm payment details to finish the order.,spam
E0405,A quick reminder,thank you for sending the invoice. contact the team if you need help.,ham
E0406,Action needed today,we will send an update soon. urgent reply requested for your reward.,spam
E0407,Team report,the workshop agenda is ready to review. we will send an update soon.,ham
E0408,A quick reminder,verify your account to keep access. please reply when convenient. can we move the call to Friday afternoon. please verify the meeting time in the calendar.,spam
E0409,Monthly update,contact the team if you need help. your order receipt is attached for records.,ham
E0410,Schedule for Friday,the team shared the latest report. please reply when convenient.,ham
E0411,Project follow up,confirm payment details to finish the order. thank you for your time.,spam
E0412,Limited offer today,claim your bonus with this private link. the details are included below.,spam
E0413,Monthly update,thank you for your time. your order receipt is attached for records.,ham
E0414,Account notice,let me know if you have questions. can we move the call to Friday afternoon.,ham
E0415,Monthly update,your colleague sent a link to the shared report. limited discount for selected members. let me know if you have questions.,spam
E0416,Project meeting,we will send an update soon. please check the draft and send feedback.,ham
E0417,Weekend plans,contact the team if you need help. please review the project notes before our meeting.,ham
E0418,Project meeting,please review the project notes before our meeting. please verify the meeting time in the calendar. we will send an update soon.,ham
E0419,Monthly update,please review the project notes before our meeting. confirm payment details to finish the order. the details are included below.,ham
E0420,Monthly update,let me know if you have questions. special price ends this evening.,spam
E0421,Account notice,your order receipt is attached for records. urgent reply requested for your reward. we will send an update soon.,ham
E0422,Account notice,can we move the call to Friday afternoon. let me know if you have questions.,ham
E0423,Limited offer today,we will send an update soon. urgent reply requested for your reward.,spam
E0424,Project meeting,your order receipt is attached for records. please reply when convenient.,ham
E0425,Project meeting,the team shared the latest report. contact the team if you need help. your colleague sent a link to the shared report. urgent reply requested for your reward.,ham
E0426,A quick reminder,let us confirm the schedule tomorrow. we will send an update soon. please verify the meeting time in the calendar.,ham
E0427,A quick reminder,the team shared the latest report. contact the team if you need help.,ham
E0428,Action needed today,please reply when convenient. claim your bonus with this private link. please verify the meeting time in the calendar.,spam
E0429,Schedule for Friday,the workshop agenda is ready to review. your colleague sent a link to the shared report. let me know if you have questions.,ham
E0430,Team report,urgent reply requested for your reward. your order receipt is attached for records. contact the team if you need help.,ham
E0431,A quick reminder,please reply when convenient. your colleague sent a link to the shared report. limited discount for selected members.,spam
E0432,Monthly update,thank you for sending the invoice. we will send an update soon.,ham
E0433,Limited offer today,let me know if you have questions. get a free trial with the new plan.,spam
E0434,A quick reminder,our team needs an urgent account update. contact the team if you need help. let us confirm the schedule tomorrow.,ham
E0435,Schedule for Friday,please reply when convenient. your order receipt is attached for records.,ham
E0436,Weekend plans,the details are included below. our team needs an urgent account update. can we move the call to Friday afternoon.,ham
E0437,Weekend plans,can we move the call to Friday afternoon. the details are included below.,ham
E0438,Your invoice update,your order receipt is attached for records. please reply when convenient.,ham
E0439,Monthly update,please check the draft and send feedback. let me know if you have questions.,ham
E0440,Your invoice update,please check the draft and send feedback. let me know if you have questions.,ham
E0441,A quick reminder,your colleague sent a link to the shared report. claim your bonus with this private link. thank you for your time.,spam
E0442,Your invoice update,limited discount for selected members. can we move the call to Friday afternoon. please reply when convenient.,ham
E0443,Limited offer today,urgent reply requested for your reward. the details are included below.,spam
E0444,Account notice,confirm payment details to finish the order. contact the team if you need help.,spam
E0445,Team report,thank you for your time. please review the project notes before our meeting.,ham
E0446,Weekend plans,please review the project notes before our meeting. we will send an update soon. your colleague sent a link to the shared report.,ham
E0447,Weekend plans,thank you for your time. your colleague sent a link to the shared report. the workshop agenda is ready to review.,ham
E0448,Account notice,the details are included below. verify your account to keep access.,spam
E0449,Monthly update,can we move the call to Friday afternoon. the details are included below. the newsletter has a free webinar and a discount code.,ham
E0450,A quick reminder,let us confirm the schedule tomorrow. our team needs an urgent account update. we will send an update soon.,ham
E0451,Limited offer today,the details are included below. limited discount for selected members.,spam
E0452,A quick reminder,the team shared the latest report. we will send an update soon.,ham
E0453,Limited offer today,contact the team if you need help. claim your bonus with this private link.,spam
E0454,Your invoice update,verify your account to keep access. your colleague sent a link to the shared report. please reply when convenient.,spam
E0455,Limited offer today,we will send an update soon. urgent reply requested for your reward.,spam
E0456,Team report,let me know if you have questions. thank you for sending the invoice.,ham
E0457,A quick reminder,please reply when convenient. the team shared the latest report.,ham
E0458,A quick reminder,we will send an update soon. get a free trial with the new plan.,spam
E0459,Your invoice update,contact the team if you need help. thank you for sending the invoice.,ham
E0460,Schedule for Friday,we will send an update soon. please check the draft and send feedback.,ham
E0461,Account notice,can we move the call to Friday afternoon. please reply when convenient.,ham
E0462,Project meeting,please check the draft and send feedback. contact the team if you need help. your colleague sent a link to the shared report.,ham
E0463,Your invoice update,our team needs an urgent account update. thank you for your time. special price ends this evening.,spam
E0464,Exclusive savings,get a free trial with the new plan. the details are included below.,spam
E0465,Exclusive savings,our team needs an urgent account update. please reply when convenient. get a free trial with the new plan.,spam
E0466,Account notice,let us confirm the schedule tomorrow. we will send an update soon.,ham
E0467,Account notice,please verify the meeting time in the calendar. please reply when convenient. special price ends this evening.,spam
E0468,A quick reminder,let us confirm the schedule tomorrow. let me know if you have questions.,ham
E0469,Account notice,please check the draft and send feedback. thank you for your time.,ham
E0470,Account notice,please verify the meeting time in the calendar. the details are included below. your order receipt is attached for records.,ham
E0471,Account notice,let us confirm the schedule tomorrow. please reply when convenient. exclusive invitation with a limited offer.,spam
E0472,Exclusive savings,let me know if you have questions. limited discount for selected members.,spam
E0473,Action needed today,please reply when convenient. our team needs an urgent account update. claim your bonus with this private link.,spam
E0474,A quick reminder,the workshop agenda is ready to review. we will send an update soon.,ham
E0475,Schedule for Friday,thank you for your time. your colleague sent a link to the shared report. the team shared the latest report.,ham
E0476,Limited offer today,confirm payment details to finish the order. thank you for your time.,spam
E0477,A quick reminder,your order receipt is attached for records. the details are included below.,ham
E0478,Limited offer today,let me know if you have questions. please verify the meeting time in the calendar. urgent reply requested for your reward.,spam
E0479,Weekend plans,our team needs an urgent account update. the team shared the latest report. we will send an update soon.,ham
E0480,Account notice,please check the draft and send feedback. thank you for your time.,ham
E0481,Weekend plans,thank you for sending the invoice. contact the team if you need help.,ham
E0482,Monthly update,your order receipt is attached for records. thank you for your time.,ham
E0483,Action needed today,limited discount for selected members. please reply when convenient.,spam
E0484,Schedule for Friday,your order receipt is attached for records. let me know if you have questions.,ham
E0485,Your invoice update,the workshop agenda is ready to review. we will send an update soon.,ham
E0486,Schedule for Friday,please check the draft and send feedback. the details are included below.,ham
E0487,Account notice,please reply when convenient. please review the project notes before our meeting.,ham
E0488,Team report,contact the team if you need help. the team shared the latest report.,ham
E0489,Team report,we will send an update soon. your order receipt is attached for records.,ham
E0490,Weekend plans,thank you for your time. can we move the call to Friday afternoon.,ham
E0491,Weekend plans,we will send an update soon. please review the project notes before our meeting.,ham
E0492,Schedule for Friday,we will send an update soon. thank you for sending the invoice.,ham
E0493,Project meeting,our team needs an urgent account update. let me know if you have questions. please check the draft and send feedback.,ham
E0494,Project meeting,let me know if you have questions. thank you for sending the invoice.,ham
E0495,Monthly update,thank you for your time. let us confirm the schedule tomorrow.,ham
E0496,Action needed today,special price ends this evening. we will send an update soon.,spam
E0497,Limited offer today,confirm payment details to finish the order. please reply when convenient.,spam
E0498,A quick reminder,the details are included below. please check the draft and send feedback.,ham
E0499,Monthly update,the details are included below. get a free trial with the new plan.,spam
E0500,Project meeting,can we move the call to Friday afternoon. please reply when convenient.,ham
E0501,Team report,let me know if you have questions. the team shared the latest report.,ham
E0502,Your invoice update,thank you for your time. the workshop agenda is ready to review.,ham
E0503,Team report,please verify the meeting time in the calendar. thank you for your time. your order receipt is attached for records.,ham
E0504,Weekend plans,we will send an update soon. can we move the call to Friday afternoon.,ham
E0505,Account notice,your order receipt is attached for records. contact the team if you need help.,ham
E0506,Your invoice update,thank you for your time. the newsletter has a free webinar and a discount code. your order receipt is attached for records.,ham
E0507,Monthly update,contact the team if you need help. thank you for sending the invoice.,ham
E0508,Account notice,please check the draft and send feedback. please reply when convenient.,ham
E0509,Your invoice update,the details are included below. the workshop agenda is ready to review.,ham
E0510,Weekend plans,the workshop agenda is ready to review. we will send an update soon.,ham
E0511,Your invoice update,the details are included below. please review the project notes before our meeting.,ham
E0512,Schedule for Friday,your order receipt is attached for records. we will send an update soon.,ham
E0513,Limited offer today,verify your account to keep access. thank you for your time.,spam
E0514,Weekend plans,the workshop agenda is ready to review. let me know if you have questions.,ham
E0515,Your invoice update,we will send an update soon. let us confirm the schedule tomorrow.,ham
E0516,A quick reminder,can we move the call to Friday afternoon. thank you for your time.,ham
E0517,Project follow up,thank you for your time. special price ends this evening. please verify the meeting time in the calendar.,spam
E0518,Your invoice update,thank you for your time. verify your account to keep access. the newsletter has a free webinar and a discount code. can we move the call to Friday afternoon.,spam
E0519,Exclusive savings,the details are included below. your order receipt is attached for records. get a free trial with the new plan.,spam
E0520,Project meeting,thank you for sending the invoice. the details are included below.,ham
E0521,Weekend plans,contact the team if you need help. claim your bonus with this private link. can we move the call to Friday afternoon.,ham
E0522,Monthly update,limited discount for selected members. we will send an update soon.,spam
E0523,Weekend plans,the workshop agenda is ready to review. contact the team if you need help. claim your bonus with this private link.,ham
E0524,Account notice,please check the draft and send feedback. please reply when convenient.,ham
E0525,Monthly update,thank you for sending the invoice. contact the team if you need help. please verify the meeting time in the calendar.,ham
E0526,Team report,thank you for your time. your colleague sent a link to the shared report. thank you for sending the invoice.,ham
E0527,A quick reminder,the newsletter has a free webinar and a discount code. the details are included below. the team shared the latest report.,ham
E0528,Weekend plans,the details are included below. can we move the call to Friday afternoon.,ham
E0529,Project meeting,the details are included below. the workshop agenda is ready to review.,ham
E0530,Weekend plans,please check the draft and send feedback. we will send an update soon.,ham
E0531,Project meeting,can we move the call to Friday afternoon. thank you for your time.,ham
E0532,Account notice,please reply when convenient. special price ends this evening.,spam
E0533,A quick reminder,please review the project notes before our meeting. contact the team if you need help.,ham
E0534,Your invoice update,let me know if you have questions. your order receipt is attached for records.,ham
E0535,Monthly update,thank you for sending the invoice. verify your account to keep access. we will send an update soon.,spam
E0536,Schedule for Friday,let me know if you have questions. your order receipt is attached for records.,ham
E0537,A quick reminder,your order receipt is attached for records. let me know if you have questions.,ham
E0538,Account notice,please reply when convenient. the team shared the latest report.,ham
E0539,Team report,contact the team if you need help. please review the project notes before our meeting. exclusive invitation with a limited offer.,ham
E0540,A quick reminder,contact the team if you need help. limited discount for selected members.,spam
E0541,Account notice,get a free trial with the new plan. we will send an update soon.,spam
E0542,Your invoice update,let us confirm the schedule tomorrow. thank you for your time. special price ends this evening.,ham
E0543,Project meeting,thank you for sending the invoice. thank you for your time.,ham
E0544,Your invoice update,contact the team if you need help. the workshop agenda is ready to review.,ham
E0545,Team report,your order receipt is attached for records. the details are included below.,ham
E0546,Team report,please reply when convenient. your order receipt is attached for records.,ham
E0547,Team report,confirm payment details to finish the order. the workshop agenda is ready to review. the details are included below.,ham
E0548,Schedule for Friday,please check the draft and send feedback. contact the team if you need help.,ham
E0549,A quick reminder,please reply when convenient. please check the draft and send feedback.,ham
E0550,Your invoice update,contact the team if you need help. can we move the call to Friday afternoon.,ham
E0551,Weekend plans,let me know if you have questions. the workshop agenda is ready to review.,ham
E0552,Weekend plans,please check the draft and send feedback. please reply when convenient.,ham
E0553,Team report,thank you for sending the invoice. our team needs an urgent account update. we will send an update soon.,ham
E0554,Limited offer today,verify your account to keep access. please verify the meeting time in the calendar. please reply when convenient.,spam
E0555,Monthly update,the workshop agenda is ready to review. the details are included below.,ham
E0556,A quick reminder,your colleague sent a link to the shared report. please check the draft and send feedback. contact the team if you need help.,ham
E0557,Account notice,thank you for your time. exclusive invitation with a limited offer.,spam
E0558,Account notice,we will send an update soon. can we move the call to Friday afternoon.,ham
E0559,Weekend plans,the workshop agenda is ready to review. let me know if you have questions.,ham
E0560,A quick reminder,contact the team if you need help. the workshop agenda is ready to review.,ham
E0561,Project meeting,the team shared the latest report. thank you for your time.,ham
E0562,Account notice,the newsletter has a free webinar and a discount code. limited discount for selected members. thank you for your time.,spam
E0563,Account notice,the workshop agenda is ready to review. the newsletter has a free webinar and a discount code. please reply when convenient.,ham
E0564,Account notice,exclusive invitation with a limited offer. thank you for your time.,spam
E0565,Account notice,let me know if you have questions. please review the project notes before our meeting.,ham
E0566,Weekend plans,your order receipt is attached for records. we will send an update soon.,ham
E0567,Your invoice update,please review the project notes before our meeting. our team needs an urgent account update. please reply when convenient.,ham
E0568,Project meeting,exclusive invitation with a limited offer. please check the draft and send feedback. your colleague sent a link to the shared report. we will send an update soon.,ham
E0569,Exclusive savings,please reply when convenient. please verify the meeting time in the calendar. exclusive invitation with a limited offer.,spam
E0570,Account notice,let us confirm the schedule tomorrow. your colleague sent a link to the shared report. let me know if you have questions. urgent reply requested for your reward.,ham
E0571,Action needed today,urgent reply requested for your reward. let us confirm the schedule tomorrow. we will send an update soon.,spam
E0572,Project meeting,the details are included below. the workshop agenda is ready to review.,ham
E0573,Project meeting,please review the project notes before our meeting. please reply when convenient.,ham
E0574,Monthly update,contact the team if you need help. can we move the call to Friday afternoon.,ham
E0575,Team report,the team shared the latest report. exclusive invitation with a limited offer. the details are included below.,ham
E0576,Your invoice update,the details are included below. the team shared the latest report.,ham
E0577,Monthly update,the details are included below. let us confirm the schedule tomorrow.,ham
E0578,Monthly update,please reply when convenient. exclusive invitation with a limited offer. please check the draft and send feedback.,ham
E0579,Schedule for Friday,please check the draft and send feedback. the details are included below.,ham
E0580,Your invoice update,your order receipt is attached for records. contact the team if you need help.,ham
E0581,Monthly update,special price ends this evening. the details are included below.,spam
E0582,Weekend plans,we will send an update soon. please review the project notes before our meeting.,ham
E0583,Limited offer today,please reply when convenient. verify your account to keep access.,spam
E0584,Project meeting,contact the team if you need help. thank you for sending the invoice.,ham
E0585,A quick reminder,we will send an update soon. special price ends this evening.,spam
E0586,Limited offer today,can we move the call to Friday afternoon. claim your bonus with this private link. let me know if you have questions.,spam
E0587,Limited offer today,contact the team if you need help. confirm payment details to finish the order.,spam
E0588,Project meeting,the newsletter has a free webinar and a discount code. we will send an update soon. let us confirm the schedule tomorrow.,ham
E0589,Weekend plans,please reply when convenient. the workshop agenda is ready to review.,ham
E0590,Monthly update,let me know if you have questions. your order receipt is attached for records.,ham
E0591,Project meeting,let us confirm the schedule tomorrow. let me know if you have questions.,ham
E0592,Your invoice update,the workshop agenda is ready to review. the newsletter has a free webinar and a discount code. thank you for your time.,ham
E0593,Account notice,we will send an update soon. the team shared the latest report.,ham
E0594,Account notice,confirm payment details to finish the order. we will send an update soon. the team shared the latest report.,ham
E0595,Monthly update,the workshop agenda is ready to review. please reply when convenient.,ham
E0596,Your invoice update,verify your account to keep access. thank you for your time.,spam
E0597,Schedule for Friday,contact the team if you need help. get a free trial with the new plan. please check the draft and send feedback.,ham
E0598,Monthly update,can we move the call to Friday afternoon. let me know if you have questions.,ham
E0599,Schedule for Friday,the team shared the latest report. contact the team if you need help. the newsletter has a free webinar and a discount code.,ham
E0600,Project follow up,confirm payment details to finish the order. let me know if you have questions.,spam
